{
    "loss": 0.9641582369804382,
    "accuracy": 0.9462365508079529
}